giletjaune,1218
GiletJaune,395
GiletsJaunes,295
BFM,84
assembleenationale,79
senat,79
TV5,75
RTFrance,75
France2,75
Acte18,50
Macron,44
ActeXVIII,39
SamediOnArrive,37
policiers,37
Macrophobe,35
16mars,32
Acte17,28
QUIMPER,27
16marsTousAParis,25
ChristopheChalencon,25
Castaner,24
giletsjaunes,21
Le16TousAParis,17
GrandDebat,16
Algerie,16
GJ,16
16Mars,14
acte18,14
Giletjaune,14
ActesXVIII,13
GilletsJaunes,13
GrandDebatNational,12
GiletsJaune,12
Nantes,11
GiletsJaunesParis,11
GiletJaunes,11
ActeXVII,11
Giletsjaunes,11
UPR,11
NosViesDabord,10
ActeXI,10
24hpujadas,10
Onarrive,10
giletsJaunes,10
giletJaune,10
GrandDébat,9
17novembre,9
GileStJaunes,9
macron,9
BFMTV,9
reseauxsociaux,9
Cnews,9
macrophobe,9
France,9
media,9
Europeennes2019,8
Brexit,8
RIC,8
Quimper,8
YellowVests,8
MarcheDuSiecle,8
GrandDébatNational,7
SNCF,7
UE,7
LBD,7
Frexit,7
bfm,6
Société,6
GiletsJaunesparis,6
Buzin,6
legranddebatnational,6
solidarite,6
Schiappa,5
upr,5
ViolencesPolicieres,5
TousDansLaRue16mars,5
SMIC,5
climatechange,5
Cetim_humanrights,5
Coluche,5
DirectAN,5
Éthiopie,5
PacteDeMarakech,5
griveaux,5
ONU,5
EricDrouet,5
EmissionPolitique,5
Mouraud,5
FemmesGiletsJaunes,5
Gilets,5
lemaire,5
darmanin,5
GiletsJaunesEU,5
Macronie,4
chiensdegardes,4
frexit,4
Français,4
Bankster,4
JeanJacquesBourdin,4
ViolencesPolicières,4
La26,4
pravda,4
dictature,4
Dictateur,4
FranceInsoumise,4
Marine,3
CNEWS,3
Rap,3
Docteur,3
Jaunes,3
SachezLe,3
PouvoirdAchat,3
Aisne,3
Européenne,3
FDO,3
Sebseb,3
LBD40,3
Paris,3
giletsjaunesparis,3
femen,3
btp,3
cnews,3
cretins,3
democratie,3
extremegauche,3
slam,3
fI,3
Teubisme,3
violencepolicière,3
gouvernement,3
greveparinertie,3
hiphop,3
minorité,3
miakalifa,3
lci,3
lgbt,3
tpmp,3
macronie,3
zemmour,3
ViolencesJudicaires,3
LICRA,2
WhatsApp,2
pouvoirdachat,2
DebatDesGiletsJaunes,2
poésie,2
ClimateAction,2
Chômeur,2
révolte,2
Christchurch,2
samediontarrive,2
policière,2
26mai,2
Cancer,2
RépubliqueIsraélienneDeFrance,2
CSG,2
RT,2
sondage,2
LaRem,2
Dissuader,2
DrouetCollabo,2
Lyon,2
femmes,2
THRIVE,2
legranddebat,2
Fartoukh,2
FridayReads,2
Facebook,2
État,2
Sem,2
onlacherien,2
juanbranco,2
inégalités,2
Escroc,2
youtube,2
Ultimatum,2
gj,2
Gj,2
VendrediLecture,2
Définition,2
Lille,2
MacronDemission,2
OnNousPrendsPourDesCons,2
NWO,2
Parasite,2
AntiSemitism,2
Arabe,2
Pays,2
Rothschild,2
Retraité,2
tk78,2
Asselineau,2
NouvelleZelande,2
Aulnoyeaymeries,2
Rentier,2
castaner,2
thekairi78,2
tribunal,2
Pauvre,2
urgence,2
Mascaxit,2
MarineLePen,2
Acte16,2
antisémite,2
Bordeaux,2
Manifestations,2
Acte4,2
cvr,2
algerien,2
violence,1
yellowvests,1
Epinal,1
ActeXIII,1
pays,1
pme,1
ActeXVI,1
Etchebest,1
Européens,1
trashtagchallenge,1
Bourse,1
Algérie,1
ChalecosAmarillos,1
stopviolences,1
spotify,1
matraque,1
CAC40,1
AFP,1
Caen,1
Banques,1
ANTISÉMITISME,1
ElectionsEuropeennes2019,1
sudradio,1
tensions,1
ClimateStrike,1
racisme,1
politique,1
Arendt,1
ArcDeTriomphe,1
yellowvest,1
Terre,1
marineditlavérité,1
NouvelleZélande,1
PeaceAndLove,1
bellaciao,1
Paix,1
bobo,1
Ouche,1
bourse,1
Noto,1
Podcast,1
Nice,1
NewZealand,1
cceuxdavant,1
cpasmoikiaidonnélordre,1
cpasnslescoupables,1
MACRON,1
Peuples,1
arnaque,1
leers,1
Retrograde,1
StarWars,1
TheNewYorker,1
Toubon,1
USA,1
SDF,1
Revel,1
YellowVest,1
Ptriotes,1
YouthForClimate,1
RN,1
RIP,1
anfétnon,1
Quenelle,1
Quebec,1
LeMédia,1
dissuader,1
définition,1
hopital,1
GunControl,1
Grenoble,1
franceinfo,1
giletsjeunes,1
grenade,1
hashtag,1
hopitalenpls,1
LREM,1
infirmière,1
justice,1
GeleHesjes,1
Gelbwesten,1
Gaza,1
GILETJAUNE,1
Handicapé,1
Hitler,1
Hollande,1
IAmMohammed,1
ISF,1
Infos,1
Islande,1
Israël,1
JLDebré,1
JacquesChirac,1
JeSuisMohammed,1
Justice,1
KohLanta,1
KékédeBeauvau,1
LAffaireDuSiecle,1
eBay,1
LCI,1
àterre,1
